{
    "loss": 1.5199097394943237,
    "accuracy": 0.9496402740478516
}