{
    "loss": 22.06888198852539,
    "accuracy": 0.5467625856399536
}